listing_id,role_bucket,title,company,location,sources,source_urls,posted_at,fetched_at,certifications,yoe_min,yoe_max,degree,clearance,salary_min,salary_max,schedule_signals,technical_skills,seniority_signal,remote_arrangement,llm_used
448d0bcbd24e90a5,junior_soc,Cybersecurity Analyst (CDAP) - Journeyman,Everforth ECS,"Fairfax, VA, US",indeed,https://www.indeed.com/viewjob?jk=4bb80df923f31a73,2026-06-09,2026-06-09T20:41:24Z,CySA+,,,,,,,,,unclear,unspecified,False
85db549cfb9089d7,junior_soc,Jr Security Operations Center Analyst,Long View Systems,"Houston, TX, US",indeed,https://www.indeed.com/viewjob?jk=174b43cfc082bddc,2026-06-09,2026-06-09T20:41:24Z,CCNA|ITIL,,,,,55120,72345,24x7|rotating,Splunk|Ticketing (ServiceNow/Jira),entry,unspecified,False
f7d734a5d78fc846,junior_soc,Jr Security Operations Center Analyst,Long View Systems,"Denver, CO, US",indeed,https://www.indeed.com/viewjob?jk=ed7a0dcba183217c,2026-06-09,2026-06-09T20:41:24Z,CCNA|ITIL,,,,,55120,72345,24x7|rotating,Splunk|Ticketing (ServiceNow/Jira),entry,unspecified,False
f6f9e7bafd06e34a,junior_soc,SOC Analyst Tier 1 (Secret Clearance),ShorePoint,"Washington, DC, US",indeed,https://www.indeed.com/viewjob?jk=68dc67ad195b1a9e,2026-06-09,2026-06-09T20:41:24Z,,,,bachelor,secret,,,,,entry,unspecified,False
edc328c2dc48f450,junior_soc,Cybersecurity Analyst - Hybrid in MN,UnitedHealth Group,"Eden Prairie, MN, US",indeed,https://www.indeed.com/viewjob?jk=44b1db1d0dba7bce,2026-06-09,2026-06-09T20:41:24Z,,,,bachelor,,,,,Splunk,entry,unspecified,False
f5aa7af4d57104a3,junior_soc,Cyber Security Operations Analyst,VHB,"Orlando, FL, US",indeed,https://www.indeed.com/viewjob?jk=51e5b1543e8474fa,2026-06-08,2026-06-09T20:41:24Z,GCIH,,,bachelor,,,,,Microsoft Sentinel|Microsoft Defender|PowerShell|TCP/IP|Office 365 / M365,entry,unspecified,False
ccb6b36cd40c0774,junior_soc,"Junior Analyst, IAM Operations & Security Operations Center",The Clearing House Payments Company,"Charlotte, NC, US",indeed,https://www.indeed.com/viewjob?jk=e5f57d6eb847d8b7,2026-05-28,2026-06-09T20:41:24Z,,0,2,bachelor,,,,,PowerShell|Python|Active Directory,entry,unspecified,False
2452130e9cc2a22c,junior_soc,SOC Analyst,ABACODE,"Tampa, FL, US",indeed,https://www.indeed.com/viewjob?jk=9f25c914ed3d450f,2026-05-28,2026-06-09T20:41:24Z,,,,bachelor,,,,24x7,Splunk|Microsoft Sentinel|CrowdStrike,entry,unspecified,False
fe4ac9c9612e77e1,junior_soc,SOC Analyst,Thrive,"Tampa, FL, US",indeed,https://www.indeed.com/viewjob?jk=39d8b3085692774d,2026-05-27,2026-06-09T20:41:24Z,,,,bachelor,,,,24x7,Splunk|Microsoft Sentinel|CrowdStrike,entry,unspecified,False
a4ac802c320596e5,help_desk_it_admin,IT Service Desk Support Analyst-Level 1- Operations Support Mgr,TELUS Agriculture & Consumer Goods,"Remote, US",indeed,https://www.indeed.com/viewjob?jk=a3344b3bc4471484,2026-06-01,2026-06-09T20:41:24Z,,,,bachelor,,,,,Linux,entry,unspecified,False
37efb15fefb66fab,junior_soc,Cybersecurity Analyst,Therm-Omega-Tech,"Warminster, PA, US",indeed,https://www.indeed.com/viewjob?jk=87cb9eb7874be16c,2026-06-09,2026-06-09T20:41:24Z,,,,,,,,,Office 365 / M365,unclear,unspecified,False
3cd67dd78b07c734,help_desk_it_admin,Technical Support Analyst,"Agri-Mark, Inc. / Cabot Creamery","Waitsfield, VT, US",indeed,https://www.indeed.com/viewjob?jk=72e6952d8c6639a5,2026-06-09,2026-06-09T20:41:24Z,,2,,bachelor,,,,,Office 365 / M365,entry,unspecified,False
a01cf747e5794154,help_desk_it_admin,IT Support Analyst Level I,Grand Canyon University,"Phoenix, AZ, US",indeed,https://www.indeed.com/viewjob?jk=1b584f760afdfd1a,2026-06-09,2026-06-09T20:41:24Z,,,,,,,,,Active Directory|TCP/IP,entry,unspecified,False
536beab832d8dcd3,help_desk_it_admin,IT Help Desk Technician,"iVenture Solutions, Inc.","Tampa, FL, US",indeed,https://www.indeed.com/viewjob?jk=b69e90333e1f8f2f,2026-06-09,2026-06-09T20:41:24Z,,1,,bachelor,,,,,Active Directory,entry,unspecified,False
52de2f7d4af1f9f8,help_desk_it_admin,Help Desk Coordinator / Office Administrator,PC Doctor,"Pittsburgh, PA, US",indeed,https://www.indeed.com/viewjob?jk=5ebae0355a6baa4f,2026-06-09,2026-06-09T20:41:24Z,,,,,,,,,,unclear,unspecified,False
4a481468e16a76b5,help_desk_it_admin,Help Desk Technician,Progent Corp.,"Redmond, WA, US",indeed,https://www.indeed.com/viewjob?jk=6a4a3fae3729f0d3,2026-06-09,2026-06-09T20:41:24Z,,,,bachelor,,,,,Active Directory|Office 365 / M365,entry,unspecified,False
87724db2dcfb849e,help_desk_it_admin,IT Service Desk Technician,NorthWinds Technology Solutions,"Roanoke, VA, US",indeed,https://www.indeed.com/viewjob?jk=22dcccc1b0f9c282,2026-06-09,2026-06-09T20:41:24Z,,1,,,,,,rotating,,entry,unspecified,False
57e86013db608515,help_desk_it_admin,Desktop Support Technician,RTO National,"Greenville, SC, US",indeed,https://www.indeed.com/viewjob?jk=7f35855dd900deee,2026-06-09,2026-06-09T20:41:24Z,A+,,,associate,,,,,Active Directory,entry,unspecified,False
adb7d2093d926ae5,help_desk_it_admin,IT Support Technician,Toledo Point of Sale & Networking,"Toledo, OH, US",indeed,https://www.indeed.com/viewjob?jk=92aff43b06dc0f50,2026-06-09,2026-06-09T20:41:24Z,,1,3,,,,,rotating,TCP/IP,entry,unspecified,False
1ff7f3b3b9e17bd7,help_desk_it_admin,Helpdesk Technician,Riesel ISD,"Riesel, TX, US",indeed,https://www.indeed.com/viewjob?jk=d8502af5f24c623b,2026-06-09,2026-06-09T20:41:24Z,,2,,high_school,,,,,,entry,unspecified,False
32392b0214def84f,help_desk_it_admin,IT Support Technician,Rivet Industries,"San Jose, CA, US",indeed,https://www.indeed.com/viewjob?jk=32167a8df8a9d23a,2026-06-09,2026-06-09T20:41:24Z,A+,,,,,,,,Active Directory|TCP/IP|Office 365 / M365,entry,unspecified,False
a9ede1a3aade3c0b,help_desk_it_admin,Service Desk Technician,Bridge Defense,"Kansas City, MO, US",indeed,https://www.indeed.com/viewjob?jk=f6212d6dc9f7e216,2026-06-09,2026-06-09T20:41:24Z,,,,high_school,,,,,Active Directory|TCP/IP,entry,unspecified,False
f4cde7dfde666311,help_desk_it_admin,Helpdesk Technician,Cayuse Holdings,"Andrews AFB, MD, US",indeed,https://www.indeed.com/viewjob?jk=05675da371572974,2026-06-08,2026-06-09T20:41:24Z,,1,,bachelor,secret,,,,,entry,unspecified,False
f1bd5a2e9f4161c3,help_desk_it_admin,Associate IT Support Technician - Help Desk Support (NMDOT/GO/BUS SUP #21202),State of New Mexico,"Santa Fe, NM, US",indeed,https://www.indeed.com/viewjob?jk=17ce7bff651e197b,2026-06-08,2026-06-09T20:41:24Z,,,,high_school,,,,,,entry,unspecified,False
b9c5c7fd1af44c61,help_desk_it_admin,IT Support Technician,JDS Industries,"Sioux Falls, SD, US",indeed,https://www.indeed.com/viewjob?jk=ea80fa3e33fd22d4,2026-06-08,2026-06-09T20:41:24Z,,2,,,,,,,,entry,unspecified,False
db8493c14282dd80,help_desk_it_admin,IT Helpdesk Technician,Integotec,"Roseburg, OR, US",indeed,https://www.indeed.com/viewjob?jk=420e5229163a7264,2026-06-08,2026-06-09T20:41:24Z,A+,2,,high_school,,,,rotating,Office 365 / M365,entry,unspecified,False
fa089bd13542642f,help_desk_it_admin,IT Support Specialist 1,Choctaw Nation of Oklahoma,"Durant, OK, US",indeed,https://www.indeed.com/viewjob?jk=36a7c8bd93525b61,2026-06-08,2026-06-09T20:41:24Z,,,,high_school,,,,,,entry,unspecified,False
95f74fca0816d18a,help_desk_it_admin,IT Support Specialist,North Shore Steel,"Houston, TX, US",indeed,https://www.indeed.com/viewjob?jk=bb52f7e0810b2d82|https://www.indeed.com/viewjob?jk=ff29fcde983f53b3,2026-06-08,2026-06-09T20:41:24Z,A+,2,,associate,,,,,Active Directory|Office 365 / M365,entry,unspecified,False
4a6fcd9f62ddbee9,help_desk_it_admin,Service Desk / Client Support - IT Service Desk Associate,American National Insurance,"League City, TX, US",indeed,https://www.indeed.com/viewjob?jk=583eda28d1ff227e,2026-06-08,2026-06-09T20:41:24Z,ITIL,,,associate,,,,,,entry,unspecified,False
e2c8704cd2997427,help_desk_it_admin,Service Desk Technician,GovCIO,"Kiln, MS, US",indeed,https://www.indeed.com/viewjob?jk=5ac354df0085a27a,2026-06-08,2026-06-09T20:41:24Z,ITIL|MCSA,2,,high_school,public_trust,,,,Office 365 / M365,entry,unspecified,False
d654ead716c1e3c7,help_desk_it_admin,Help Desk Technician,Chesapeake Containment,"Greensboro, NC, US",indeed,https://www.indeed.com/viewjob?jk=e4d7cf3754abd8a0,2026-06-08,2026-06-09T20:41:24Z,A+,,,,,,,,,entry,unspecified,False
85882240a71331ae,help_desk_it_admin,Help Desk Technician,Chesapeake Containment,"Hickory, NC, US",indeed,https://www.indeed.com/viewjob?jk=c0ae45a93eab3229,2026-06-08,2026-06-09T20:41:24Z,A+,,,,,,,,,entry,unspecified,False
3b410726fdb19dbd,help_desk_it_admin,Helpdesk Technician I,Advanced Composites,"Sidney, OH, US",indeed,https://www.indeed.com/viewjob?jk=928874951fc0e438,2026-06-08,2026-06-09T20:41:24Z,,,,associate,,,,,,entry,unspecified,False
056afb6967a7f987,help_desk_it_admin,IT Support Specialist,HCA Houston Healthcare,"Houston, TX, US",indeed,https://www.indeed.com/viewjob?jk=80083baf9c59efce,2026-06-08,2026-06-09T20:41:24Z,Network+|A+|ITIL,1,2,associate,,,,24x7,Active Directory|TCP/IP|Ticketing (ServiceNow/Jira)|Office 365 / M365,entry,unspecified,False
c4ddf578778a07c6,help_desk_it_admin,IT Help Desk Technician,"Bibiyan Law Group, P.C.","Los Angeles, CA, US",indeed,https://www.indeed.com/viewjob?jk=e5eb97f39ebed9fe,2026-06-08,2026-06-09T20:41:24Z,A+,,,associate,,,,,Active Directory|TCP/IP|Office 365 / M365,entry,unspecified,False
e4a8504775747811,help_desk_it_admin,Service Desk Technician I,IBC Bank,"San Antonio, TX, US",indeed,https://www.indeed.com/viewjob?jk=dccbd842087a4082,2026-06-08,2026-06-09T20:41:24Z,,,,bachelor,,,,,,entry,unspecified,False
0dc5ac29c5c5420a,help_desk_it_admin,Help Desk Technician- HDTECH # WIR,NavitasPartners,"Milwaukee, WI, US",indeed,https://www.indeed.com/viewjob?jk=1b77376fb1bdd76b,2026-06-08,2026-06-09T20:41:24Z,A+|ITIL,,,associate,,,,,Office 365 / M365,entry,unspecified,False
abc3a4882e57a944,help_desk_it_admin,Help Desk Technician- HDTECH # WIR,NavitasPartners,"West Allis, WI, US",indeed,https://www.indeed.com/viewjob?jk=32efc041020086dc,2026-06-08,2026-06-09T20:41:24Z,A+|ITIL,,,associate,,,,,Office 365 / M365,entry,unspecified,False
f49fcba67204692d,help_desk_it_admin,Help Desk Technician- HDTECH # WIR,NavitasPartners,"Greenfield, WI, US",indeed,https://www.indeed.com/viewjob?jk=3dfade76bae71590,2026-06-08,2026-06-09T20:41:24Z,A+|ITIL,,,associate,,,,,Office 365 / M365,entry,unspecified,False
6ecffb7c5c396cc5,help_desk_it_admin,Help Desk Technician- HDTECH # WIR,NavitasPartners,"Wauwatosa, WI, US",indeed,https://www.indeed.com/viewjob?jk=045d2e6f869aeca1,2026-06-08,2026-06-09T20:41:24Z,A+|ITIL,,,associate,,,,,Office 365 / M365,entry,unspecified,False
5f2dd1096ca974a8,help_desk_it_admin,Technical Support Engineer (East Coast Hours),Tyson & Mendes,"Jersey City, NJ, US",indeed,https://www.indeed.com/viewjob?jk=c2d3d9b8f8e74d19,2026-06-08,2026-06-09T20:41:24Z,A+|ITIL,,,,,,,,Ticketing (ServiceNow/Jira)|Office 365 / M365,entry,unspecified,False
564b6c5956ca805e,help_desk_it_admin,Technical Support Engineer (East Coast Hours),Tyson & Mendes,"New York, NY, US",indeed,https://www.indeed.com/viewjob?jk=94a1c20fe3657f6c,2026-06-08,2026-06-09T20:41:24Z,A+|ITIL,,,,,,,,Ticketing (ServiceNow/Jira)|Office 365 / M365,entry,unspecified,False
15e71891ac18cc4b,help_desk_it_admin,IT Support Tech L1,Guardian Tax,"Chandler, AZ, US",indeed,https://www.indeed.com/viewjob?jk=bdf25a73cf2dd688,2026-06-01,2026-06-09T20:41:24Z,,,,,,18,23,,PowerShell|Python|Bash,entry,unspecified,False
67df309188a780fe,help_desk_it_admin,IT Support Specialist,The City of Easley,"Easley, SC, US",indeed,https://www.indeed.com/viewjob?jk=3fdbdf01a7959cab,2026-06-09,2026-06-09T20:41:24Z,,,,,,,,,,unclear,unspecified,False
07cdb7955e61888a,help_desk_it_admin,Tech Geek / IT Helpdesk / Customer Service,BASG,"Miami, FL, US",indeed,https://www.indeed.com/viewjob?jk=ee2bf1e166da8492,2026-06-09,2026-06-09T20:41:24Z,,,,,,,,,,unclear,unspecified,False
2c4e0565135a9055,help_desk_it_admin,Technical Support Specialist,"CAI (Computer Aid, Inc.)","San Diego, CA, US",indeed,https://www.indeed.com/viewjob?jk=92e7e15bf05bb1a9,2026-06-09,2026-06-09T20:41:24Z,,,,,,,,,,unclear,unspecified,False
7f9742e7ed14a033,help_desk_it_admin,IT Service Desk Specialist,Abercrombie & Fitch,"Columbus, OH, US",indeed,https://www.indeed.com/viewjob?jk=1dacd03d3f8e3e74,2026-06-09,2026-06-09T20:41:24Z,,,,bachelor,,,,,,entry,unspecified,False
3c797532033689cc,help_desk_it_admin,IT Service Desk Specialist,PathAI,"Boston, MA, US",indeed,https://www.indeed.com/viewjob?jk=bdd84263d634afbc,2026-06-09,2026-06-09T20:41:24Z,,,,,,,,,Linux|Office 365 / M365,unclear,unspecified,False
a9d45e06d5c3bc3f,help_desk_it_admin,Helpdesk Specialist (Warehousing experience),Luxoft,"San Antonio, TX, US",indeed,https://www.indeed.com/viewjob?jk=9fc9ded09cb052ef,2026-06-09,2026-06-09T20:41:24Z,,,,high_school,,,,,Ticketing (ServiceNow/Jira)|Office 365 / M365,unclear,unspecified,False
b10490c309f0424e,help_desk_it_admin,Junior Program Analyst/Technical Support,Ventus Solutions,"Arlington, VA, US",indeed,https://www.indeed.com/viewjob?jk=c653517ba8b3c0ba,2026-06-09,2026-06-09T20:41:24Z,,,,bachelor,secret,,,,,entry,unspecified,False
5852ca12b1f1548f,help_desk_it_admin,IT Support Analyst,Lancaster Country Day School,"Lancaster, PA, US",indeed,https://www.indeed.com/viewjob?jk=43d1aad477c46e1c,2026-06-09,2026-06-09T20:41:24Z,,,,bachelor,,,,,Active Directory,unclear,unspecified,False
897cfb75a8a64473,help_desk_it_admin,Help Desk Specialist,Candid Global Technologies,"San Antonio, TX, US",indeed,https://www.indeed.com/viewjob?jk=4524dc91fa56afb8,2026-06-09,2026-06-09T20:41:24Z,,,,high_school,,,,,Ticketing (ServiceNow/Jira)|Office 365 / M365,unclear,unspecified,False
7ce46e7309190d3e,help_desk_it_admin,Service Desk Support Analyst,Arnall Golden Gregory LLP,"Atlanta, GA, US",indeed,https://www.indeed.com/viewjob?jk=401ee7462e41ff96,2026-06-09,2026-06-09T20:41:24Z,,,,,,,,,,unclear,unspecified,False
b0543e3047169cc9,help_desk_it_admin,Technical Support Engineer I - Campus Commerce Solutions,Transact Campus,"Ithaca, NY, US",indeed,https://www.indeed.com/viewjob?jk=645eda5c2b360ae9,2026-06-01,2026-06-09T20:41:24Z,,1,2,bachelor,,,,,,entry,unspecified,False
3927d29502114f44,help_desk_it_admin,Systems Administrator - Associate,"Nexagen Networks, Inc.","Rock Island, IL, US",indeed,https://www.indeed.com/viewjob?jk=29fe83a98f9ab92f,2026-06-09,2026-06-09T20:41:24Z,,2,,bachelor,,70000,85000,,Active Directory|Linux|Group Policy,entry,unspecified,False
0e0571645c0ef5cf,help_desk_it_admin,Systems Administrator - Data Analytics,United Franchise Group,"West Palm Beach, FL, US",indeed,https://www.indeed.com/viewjob?jk=bd21fdaaa592260a,2026-06-09,2026-06-09T20:41:24Z,,,,bachelor,,,,,,entry,unspecified,False
20a293d21ab95ea9,help_desk_it_admin,Systems Administrator,Commonwealth of Kentucky,"Frankfort, KY, US",indeed,https://www.indeed.com/viewjob?jk=9c369b12998c8f80,2026-06-09,2026-06-09T20:41:24Z,,,,high_school,,,,,,unclear,unspecified,False
c1faa6db74db9aeb,help_desk_it_admin,Systems Administrator,Army & Airforce Exchange Service,"Dallas, TX, US",indeed,https://www.indeed.com/viewjob?jk=40301c09792eee4f,2026-06-09,2026-06-09T20:41:24Z,,,,,,,,,,unclear,unspecified,False
e0f9238cbe5aedcc,help_desk_it_admin,IT Systems Administrator,Hancock Regional Hospital,"Greenfield, IN, US",indeed,https://www.indeed.com/viewjob?jk=90ff351f865ee123,2026-06-09,2026-06-09T20:41:24Z,,,,bachelor,,,,24x7|rotating,Microsoft Defender|PowerShell|Active Directory|Linux|TCP/IP|Office 365 / M365|VMware,entry,unspecified,False
b6e5f1bd2f1c994d,help_desk_it_admin,ServiceNow System Administrator,U.S. Bank,"Charlotte, NC, US",indeed,https://www.indeed.com/viewjob?jk=94e08aa2ad957329,2026-06-09,2026-06-09T20:41:24Z,,,,,,,,24x7,Ticketing (ServiceNow/Jira),unclear,unspecified,False
533788b819b5bba2,help_desk_it_admin,ServiceNow System Administrator,U.S. Bank,"Brookfield, WI, US",indeed,https://www.indeed.com/viewjob?jk=986349a88ae06f61,2026-06-09,2026-06-09T20:41:24Z,,,,,,,,24x7,Ticketing (ServiceNow/Jira),unclear,unspecified,False
46c71f89a1645389,help_desk_it_admin,ServiceNow System Administrator,U.S. Bank,"Hopkins, MN, US",indeed,https://www.indeed.com/viewjob?jk=757120f2100bb5c8,2026-06-09,2026-06-09T20:41:24Z,,,,,,,,24x7,Ticketing (ServiceNow/Jira),unclear,unspecified,False
095aad7ba17a3e60,help_desk_it_admin,ServiceNow System Administrator,U.S. Bank,"Irving, TX, US",indeed,https://www.indeed.com/viewjob?jk=90edd15ed7e30d2b,2026-06-09,2026-06-09T20:41:24Z,,,,,,,,24x7,Ticketing (ServiceNow/Jira),unclear,unspecified,False
0b748e740502c973,help_desk_it_admin,Systems Administrator Jr,Athens Technical College,"Athens, GA, US",indeed,https://www.indeed.com/viewjob?jk=715a0a0c419c9e3e,2026-06-09,2026-06-09T20:41:24Z,CCNA|MCSE,,,associate,,,,,PowerShell|Python|Bash|Active Directory|Linux|Office 365 / M365|VMware,entry,unspecified,False
ae9d5c30623edb93,help_desk_it_admin,IT Support Specialist,URT,"Janesville, WI, US",indeed,https://www.indeed.com/viewjob?jk=7d28c49049ea11ba,2026-06-09,2026-06-09T20:41:24Z,,,,associate,,,,,Office 365 / M365,unclear,unspecified,False
d32a9896d5ae8fb1,help_desk_it_admin,Junior IT Systems Administrator,PSI CRO,"King of Prussia, PA, US",indeed,https://www.indeed.com/viewjob?jk=43fe455ca6d46a5a,2026-06-09,2026-06-09T20:41:24Z,,,,,,,,,,entry,unspecified,False
7281511a917f6bea,help_desk_it_admin,Systems Administrator - TS/SCI w/Poly,Peraton,"Linthicum Heights, MD, US",indeed,https://www.indeed.com/viewjob?jk=3fe7d0b4663589b0,2026-06-09,2026-06-09T20:41:24Z,,,,bachelor,ts_sci,,,,Linux,unclear,unspecified,False
2976eac377758331,help_desk_it_admin,IT Helpdesk Support Service Specialist,Everforth ECS,"Huntsville, AL, US",indeed,https://www.indeed.com/viewjob?jk=86d9e46796836d2b,2026-06-09,2026-06-09T20:41:24Z,,,,,secret,,,24x7,,entry,unspecified,False
4f10033e5b4fdc72,help_desk_it_admin,Systems Administrator,Advance2000,"Buffalo, NY, US",indeed,https://www.indeed.com/viewjob?jk=cda17dfe63e8c5cb,2026-06-09,2026-06-09T20:41:24Z,,,,,,,,,Active Directory|Office 365 / M365,entry,unspecified,False
ec9770a883e8bd7f,help_desk_it_admin,IT Support Specialist,Alphanumeric Systems Inc,"Zebulon, NC, US",indeed,https://www.indeed.com/viewjob?jk=53641f3910ae25a6,2026-06-09,2026-06-09T20:41:24Z,,,,,,,,,,unclear,unspecified,False
089fdd9886b63854,help_desk_it_admin,Systems Administrator - Client Facing | MSP | 2+ Years Exp,Cypress Networks,"Greensboro, NC, US",indeed,https://www.indeed.com/viewjob?jk=ec20386fc8ef662e,2026-06-09,2026-06-09T20:41:24Z,,2,,,,,,,Office 365 / M365,entry,unspecified,False
8499c82658ba3b49,help_desk_it_admin,Systems Administrator (5832),"GVI, Inc.","Arlington, VA, US",indeed,https://www.indeed.com/viewjob?jk=803b4f9aca58886e,2026-06-09,2026-06-09T20:41:24Z,,,,bachelor,,,,,,entry,unspecified,False
f911f78617413d36,help_desk_it_admin,Endpoint System Administrator,Capitol Federal,"Topeka, KS, US",indeed,https://www.indeed.com/viewjob?jk=1fcde9fdad902b93,2026-06-09,2026-06-09T20:41:24Z,A+,,,,,,,,Active Directory|TCP/IP|Office 365 / M365,entry,unspecified,False
fe90f1d85054949b,help_desk_it_admin,IT Administrator,"Clerk of the 18th Judicial Circuit Court for Dupage County, Illinois","Wheaton, IL, US",indeed,https://www.indeed.com/viewjob?jk=9d125521f66a38f7,2026-06-09,2026-06-09T20:41:24Z,,,,,,,,,Active Directory|Office 365 / M365,unclear,unspecified,False
ae98a7ba755425db,help_desk_it_admin,System Administrator,JRH Consultants,"Cincinnati, OH, US",indeed,https://www.indeed.com/viewjob?jk=06b93857e917a409,2026-06-09,2026-06-09T20:41:24Z,Network+|CCNA|ITIL,,,,,,,,Active Directory|Linux|Ticketing (ServiceNow/Jira)|Office 365 / M365,entry,unspecified,False
a52080d015e0d668,help_desk_it_admin,"System Administrator, Journeyman",Peraton,"Herndon, VA, US",indeed,https://www.indeed.com/viewjob?jk=e41e13d18b5fbe64,2026-06-09,2026-06-09T20:41:24Z,GSEC,,,bachelor,ts_sci,,,,PowerShell|Python|Bash|Linux,unclear,unspecified,False
42e8ecceabf042df,help_desk_it_admin,Temporary IT Administrator,St. Anne's Family Services,"Los Angeles, CA, US",indeed,https://www.indeed.com/viewjob?jk=94bf28325bb3e224,2026-06-08,2026-06-09T20:41:24Z,,,,bachelor,,,,,Active Directory,unclear,unspecified,False
8d7edcb5f91e1e19,help_desk_it_admin,Physical Security System Administrator 1,"M.C. Dean, Inc.","San Jose, CA, US",indeed,https://www.indeed.com/viewjob?jk=6133c20950c88512,2026-06-08,2026-06-09T20:41:24Z,,,,bachelor,,,,,,entry,unspecified,False
271c29740630f741,help_desk_it_admin,RevOps Systems Administrator,Hireology,"Chicago, IL, US",indeed,https://www.indeed.com/viewjob?jk=11c92b4ddb2baa3d,2026-06-08,2026-06-09T20:41:24Z,,,,,,,,,Ticketing (ServiceNow/Jira),entry,unspecified,False
d4fadac2cbf1ae73,help_desk_it_admin,Capital Reporting System Administrator,"King County, WA","Seattle, WA, US",indeed,https://www.indeed.com/viewjob?jk=f6b146fa920f43ac,2026-06-08,2026-06-09T20:41:24Z,,,,,,,,,,unclear,unspecified,False
16cd9604ad8e06c6,help_desk_it_admin,Jr. System Admin - Entry Level,GUDEL,"Ann Arbor, MI, US",indeed,https://www.indeed.com/viewjob?jk=3b19d5b4eb55b45c,2026-06-08,2026-06-09T20:41:24Z,,1,2,associate,,,,,PowerShell|Active Directory,entry,unspecified,False
